Latitude,Longitude,Mean_daily_range,Volume,Supply_air_temperature,Nb_of_people,Relative_humidity,Space_type,Wall_area,Door_area,Partition_area,Roof_area,Window_area,Skylight_area,Spaces,Cooling_load,Heating_load
42,71,9,9572,12,48,46,0,663,48,0,1584,0,0,13,147154,111998
42,71,9,13572,12,65,46,0,876,46,0,2119,0,0,13,196856,149294
42,71,9,10504,12,52,46,0,701,44,0,1699,0,0,10,158195,120459
42,71,9,10542,12,54,46,0,756,26,0,1757,0,0,7,163455,124490
42,71,9,3068,12,19,46,0,449,46,0,632,0,0,10,60235,50357
42,71,9,11838,12,60,46,0,802,74,0,1968,0,0,16,181831,138372
42,71,9,5977,12,34,46,0,607,26,0,1118,0,0,7,105564,82646
42,71,9,12758,12,62,46,0,778,52,0,2044,0,0,13,188477,141776
42,71,9,1530,12,11,46,0,341,38,0,350,0,0,10,33938,30317
42,71,9,4739,12,28,46,0,577,28,0,923,0,0,11,87846,70477
42,71,9,34894,12,141,46,0,1203,46,0,4579,0,0,15,420161,303248
42,71,9,2677,12,18,46,0,450,30,0,575,0,0,13,55497,46319
42,71,9,4846,12,30,46,0,616,44,0,971,0,0,11,92314,74775
42,71,9,67520,12,232,46,0,1497,30,0,7492,0,0,8,684939,483145
42,71,9,24696,12,110,46,0,1089,28,0,3572,0,0,12,330054,240751
42,71,9,4076,12,25,46,0,516,46,0,814,0,0,11,76592,62455
42,71,9,4836,12,28,46,0,534,18,0,914,0,0,3,87163,69161
42,71,9,2686,12,17,46,0,397,22,0,546,0,0,6,52324,43623
42,71,9,3076,12,20,46,0,513,50,0,660,0,0,16,63620,53755
42,71,9,106766,12,322,46,0,1742,32,0,10386,0,0,9,945926,660689
42,71,9,13649,12,67,46,0,835,48,0,2185,0,0,12,202929,151934
42,71,9,5623,12,34,46,0,709,32,0,1121,0,0,8,106044,85967
42,71,9,2652,12,17,46,0,409,16,0,544,0,0,4,52380,43809
42,71,9,7405,12,40,46,0,641,44,0,1319,0,0,12,123272,95898
42,71,9,4859,12,28,46,0,537,46,0,932,0,0,12,87988,69712
42,71,9,4399,12,27,46,0,598,28,0,889,0,0,10,85041,69095
42,71,9,13519,12,65,46,0,793,48,0,2135,0,0,13,196987,147705
42,71,9,2777,12,18,46,0,455,24,0,590,0,0,8,56186,47551
42,71,9,3150,12,20,46,0,457,26,0,646,0,0,7,61314,50771
42,71,9,3010,12,20,46,0,514,28,0,641,0,0,6,62721,52719
42,71,9,6812,12,36,46,0,567,50,0,1186,0,0,12,110401,85838
42,71,9,2591,12,17,46,0,433,22,0,552,0,0,8,53338,44487
42,71,9,171,12,2,46,0,132,2,0,47,0,0,2,5620,6638
42,71,9,31359,12,126,46,0,1082,54,0,4108,0,0,11,377229,272496
42,71,9,6329,12,35,46,0,575,56,0,1143,0,0,14,107063,83251
42,71,9,6262,12,34,46,0,551,68,0,1110,0,0,15,103565,80942
42,71,9,5329,12,31,46,0,555,42,0,1003,0,0,10,95006,75263
42,71,9,20758,12,93,46,0,965,38,0,3011,0,0,9,277820,204289
42,71,9,44469,12,179,46,0,1441,42,0,5820,0,0,12,534117,383857
42,71,9,5722,12,32,46,0,558,40,0,1054,0,0,13,98845,78056
42,71,9,1030,12,8,46,0,287,22,0,245,0,0,6,24082,22460
42,71,9,2060,12,14,46,0,391,30,0,453,0,0,8,44162,37853
42,71,9,11931,12,59,46,0,761,46,0,1929,0,0,13,178365,134771
42,71,9,12465,12,60,46,0,745,36,0,1956,0,0,7,181580,136834
42,71,9,2133,12,14,46,0,367,18,0,448,0,0,5,43552,36747
42,71,9,3068,12,20,46,0,500,26,0,652,0,0,8,62773,52254
42,71,9,12280,12,60,46,0,761,32,0,1960,0,0,6,181560,136699
42,71,9,1647,12,12,46,0,453,18,0,392,0,0,7,39377,35723
42,71,9,534,12,4,46,0,192,24,0,132,0,0,5,13620,13868
42,71,9,4802,12,28,46,0,514,40,0,908,0,0,11,85179,67909
42,71,9,5537,12,33,46,0,639,26,0,1080,0,0,9,101480,81281
42,71,9,3175,12,20,46,0,495,26,0,662,0,0,9,63298,53122
42,71,9,16345,12,83,46,0,1037,22,0,2687,0,0,6,251048,187154
42,71,9,15506,12,76,46,0,910,26,0,2467,0,0,10,229538,170930
42,71,9,1888,12,13,46,0,405,38,0,427,0,0,9,41854,37205
42,71,9,6906,12,40,46,0,706,36,0,1299,0,0,6,123385,96787
42,71,9,100152,12,354,46,0,2221,30,0,11431,0,0,10,1045192,735266
42,71,9,5021,12,29,46,0,519,46,0,937,0,0,10,87729,69468
42,71,9,4574,12,27,46,0,511,58,0,877,0,0,13,82878,66350
42,71,9,4248,12,25,46,0,522,46,0,837,0,0,11,79543,64017
42,71,9,3322,12,21,46,0,516,38,0,697,0,0,8,66544,55735
42,71,9,3061,12,20,46,0,504,26,0,654,0,0,11,63240,52535
42,71,9,5526,12,30,46,0,518,44,0,995,0,0,11,93290,73387
42,71,9,2530,12,17,46,0,521,32,0,556,0,0,9,54065,47815
42,71,9,5403,12,33,46,0,663,20,0,1063,0,0,9,100454,81190
42,71,9,6518,12,36,46,0,587,38,0,1169,0,0,9,109644,85089
42,71,9,2235,12,15,46,0,430,30,0,494,0,0,10,48270,41103
42,71,9,4979,12,31,46,0,632,22,0,995,0,0,7,93901,76215
42,71,9,10985,12,55,46,0,728,40,0,1804,0,0,13,167573,126394
42,71,9,4087,12,24,46,0,483,48,0,788,0,0,13,75015,60806
42,71,9,6568,12,36,46,0,607,48,0,1188,0,0,12,111534,87203
42,71,9,2754,12,18,46,0,553,37,0,606,0,0,11,58669,50944
42,71,9,56458,12,230,46,0,1856,44,0,7445,0,0,12,683780,491116
42,71,9,6862,12,39,46,0,640,10,0,1240,0,0,2,117691,91392
42,71,9,5748,12,34,46,0,628,36,0,1102,0,0,12,103927,82333
42,71,9,4107,12,24,46,0,498,14,0,791,0,0,7,75101,60887
42,71,9,19169,12,85,46,0,873,6,0,2733,0,0,4,253152,185821
42,71,9,12980,12,64,46,0,814,20,0,2102,0,0,11,195605,146469
42,71,9,3959,12,24,46,0,533,36,0,803,0,0,9,76416,62188
42,71,9,6487,12,38,46,0,763,28,0,1250,0,0,9,117925,95052
42,71,9,4434,12,26,46,0,599,46,0,859,0,0,19,82012,67754
42,71,9,2418,12,16,46,0,460,18,0,517,0,0,6,50144,43657
42,71,9,1162,12,9,46,0,347,32,0,283,0,0,9,28509,26495
42,71,9,6192,12,33,46,0,544,40,0,1088,0,0,7,102290,79776
42,71,9,2166,12,14,46,0,363,34,0,459,0,0,9,44121,37120
42,71,9,3222,12,20,46,0,488,38,0,671,0,0,10,64493,53315
42,71,9,8772,12,46,46,0,668,40,0,1490,0,0,9,139232,106746
42,71,9,36710,12,153,46,0,1300,22,0,4936,0,0,9,454907,327403
42,71,9,7193,12,40,46,0,657,38,0,1305,0,0,9,122845,95919
42,71,9,1871,12,12,46,0,333,12,0,392,0,0,2,38511,33081
42,71,9,5356,12,30,46,0,537,46,0,989,0,0,10,93034,73340
42,71,9,2722,12,18,46,0,439,22,0,573,0,0,7,54673,45984
42,71,9,12371,12,61,46,0,786,30,0,1973,0,0,7,183566,138463
42,71,9,1191,12,9,46,0,330,24,0,283,0,0,6,28045,26116
42,71,9,2307,12,15,46,0,378,26,0,483,0,0,6,46548,39778
42,71,9,9828,12,49,46,0,660,46,0,1599,0,0,14,148430,112635
42,71,9,2964,12,19,46,0,439,48,0,613,0,0,11,58615,48427
42,71,9,2208,12,15,46,0,468,32,0,499,0,0,10,49159,42688
42,71,9,2396,12,16,46,0,391,22,0,504,0,0,7,48551,40564
42,71,9,5671,12,31,46,0,532,68,0,1028,0,0,17,96071,75708
42,71,9,14923,12,77,46,0,1040,24,0,2503,0,0,10,234381,176701
42,71,9,38884,12,156,46,0,1255,2,0,4989,0,0,1,460305,329505
42,71,9,104787,12,346,46,0,1965,22,0,11154,0,0,6,1019095,712653
42,71,9,30234,12,134,46,0,1321,20,0,4321,0,0,7,400032,291635
42,71,9,6032,12,34,46,0,567,36,0,1097,0,0,11,102452,80403
42,71,9,246821,12,608,46,0,2384,26,0,19609,0,0,8,1778217,1221979
42,71,9,5304,12,31,46,0,567,22,0,998,0,0,5,93821,74578
42,71,9,5003,12,29,46,0,551,58,0,956,0,0,16,90007,71677
42,71,9,3876,12,23,46,0,473,40,0,760,0,0,10,71963,57955
42,71,9,2878,12,19,46,0,465,18,0,603,0,0,6,57622,48401
42,71,9,3635,12,23,46,0,540,50,0,756,0,0,10,71897,60171
42,71,9,15861,12,75,46,0,884,56,0,2466,0,0,13,228184,170312
42,71,9,3847,12,23,46,0,478,26,0,751,0,0,7,71004,57559
42,71,9,5963,12,35,46,0,639,44,0,1137,0,0,15,107403,85181
42,71,9,9043,12,49,46,0,742,42,0,1593,0,0,10,148345,114685
42,71,9,7986,12,44,46,0,739,46,0,1424,0,0,9,133844,104653
42,71,9,4699,12,27,46,0,529,58,0,904,0,0,14,84927,68101
42,71,9,3363,12,21,46,0,449,18,0,666,0,0,4,64074,52200
42,71,9,4284,12,27,46,0,601,22,0,880,0,0,7,84484,68510
42,71,9,2516,12,16,46,0,423,47,0,533,0,0,10,51801,44306
42,71,9,2865,12,18,46,0,433,44,0,600,0,0,11,56751,47398
42,71,9,6358,12,37,46,0,647,18,0,1188,0,0,4,112950,88463
42,71,9,5195,12,29,46,0,514,56,0,958,0,0,16,89553,70563
42,71,9,11025,12,54,46,0,715,50,0,1764,0,0,11,164139,124487
42,71,9,54116,12,202,46,0,1457,42,0,6548,0,0,12,599729,426881
42,71,9,23881,12,99,46,0,934,36,0,3219,0,0,8,296661,216499
42,71,9,5756,12,34,46,0,672,46,0,1130,0,0,14,106732,85749
42,71,9,5407,12,31,46,0,552,58,0,1004,0,0,11,94463,75168
42,71,9,2809,12,18,46,0,438,16,0,585,0,0,6,56471,46911
42,71,9,48775,12,179,46,0,1294,40,0,5781,0,0,10,529342,376709
42,71,9,15874,12,72,46,0,799,10,0,2323,0,0,2,215960,159683
42,71,9,2096,12,15,46,0,458,8,0,471,0,0,2,47005,40781
42,71,9,28363,12,119,46,0,1100,46,0,3868,0,0,14,356076,258917
42,71,9,14325,12,71,46,0,868,12,0,2284,0,0,5,213267,159038
42,71,9,4754,12,28,46,0,547,26,0,925,0,0,14,87608,69990
42,71,9,12892,12,63,46,0,782,44,0,2054,0,0,10,189932,142786
42,71,9,2369,12,16,46,0,434,22,0,515,0,0,7,49475,42428
42,71,9,17368,12,77,46,0,816,16,0,2478,0,0,3,229546,169068
42,71,9,33297,12,130,46,0,1072,24,0,4193,0,0,5,385019,277569
42,71,9,2173,12,14,46,0,350,22,0,450,0,0,6,43359,36614
42,71,9,2000,12,14,46,0,442,28,0,456,0,0,10,44190,39309
42,71,9,14127,12,67,46,0,802,54,0,2206,0,0,16,203256,152161
42,71,9,2162,12,15,46,0,404,26,0,473,0,0,9,45882,39452
42,71,9,3151,12,20,46,0,474,40,0,645,0,0,10,62093,51955
42,71,9,20016,12,99,46,0,1162,22,0,3217,0,0,7,299754,221863
42,71,9,4403,12,26,46,0,493,30,0,831,0,0,8,78707,62626
42,71,9,6881,12,40,46,0,679,10,0,1270,0,0,2,119730,94651
42,71,9,123016,12,385,46,0,2044,26,0,12438,0,0,10,1133048,789697
42,71,9,22685,12,100,46,0,1012,14,0,3228,0,0,6,298445,218322
42,71,9,6039,12,35,46,0,625,44,0,1141,0,0,12,107460,84530
42,71,9,1875,12,13,46,0,417,30,0,428,0,0,7,42421,37188
42,71,9,4875,12,30,46,0,634,30,0,987,0,0,11,92800,75591
42,71,9,4947,12,29,46,0,579,61,0,975,0,0,19,91404,73838
42,71,9,7190,12,41,46,0,728,32,0,1347,0,0,13,126269,100050
42,71,9,25736,12,111,46,0,1039,20,0,3565,0,0,5,329530,239288
42,71,9,27686,12,120,46,0,1145,48,0,3899,0,0,11,359200,261637
42,71,9,3767,12,23,46,0,489,42,0,751,0,0,11,71161,58518
42,71,9,8725,12,47,46,0,755,66,0,1570,0,0,15,145808,113796
42,71,9,2684,12,17,46,0,426,24,0,560,0,0,6,54123,45061
42,71,9,3018,12,19,46,0,433,18,0,611,0,0,4,58205,48116
42,71,9,11463,12,56,46,0,716,66,0,1830,0,0,14,169352,127794
42,71,9,1031,12,8,46,0,285,16,0,244,0,0,4,24104,22551
42,71,9,102108,12,314,46,0,1752,32,0,10145,0,0,8,924065,647045
42,71,9,190289,12,522,46,0,2318,28,0,16819,0,0,7,1528606,1056480
42,71,9,2046,12,13,46,0,353,46,0,438,0,0,12,42224,36263
42,71,9,3055,12,19,46,0,444,48,0,633,0,0,12,59881,49690
42,71,9,3282,12,20,46,0,456,44,0,670,0,0,13,63868,52198
42,71,9,4803,12,30,46,0,666,70,0,993,0,0,17,94756,78302
42,71,9,3977,12,25,46,0,535,10,0,800,0,0,7,76237,62288
42,71,9,2382,12,16,46,0,402,18,0,506,0,0,7,48978,41009
42,71,9,2583,12,16,46,0,381,40,0,528,0,0,8,50342,42205
42,71,9,4334,12,25,46,0,496,58,0,827,0,0,12,77631,62632
42,71,9,11850,12,59,46,0,788,50,0,1924,0,0,11,178888,135799
42,71,9,2246,12,15,46,0,408,26,0,490,0,0,8,46816,40157
42,71,9,3173,12,21,46,0,523,28,0,675,0,0,8,65526,54482
42,71,9,4671,12,27,46,0,499,28,0,875,0,0,6,82570,65974
42,71,9,70894,12,242,46,0,1530,32,0,7821,0,0,8,713839,503436
42,71,9,2482,12,16,46,0,439,18,0,532,0,0,5,51095,43580
42,71,9,100367,12,328,46,0,1946,40,0,10602,0,0,13,965277,679493
42,71,9,4000,12,24,46,0,492,60,0,792,0,0,14,74649,61102
42,71,9,3076,12,19,46,0,416,22,0,612,0,0,9,58380,47628
42,71,9,11808,12,61,46,0,862,22,0,1972,0,0,5,184148,140634
42,71,9,10599,12,54,46,0,726,22,0,1749,0,0,6,162474,123200
42,71,9,34700,12,143,46,0,1226,58,0,4660,0,0,14,426232,308443
42,71,9,9903,12,54,46,0,863,34,0,1764,0,0,8,165590,128349
42,71,9,106231,12,330,46,0,1922,22,0,10622,0,0,6,968943,680014
42,71,9,3292,12,21,46,0,480,28,0,675,0,0,5,65318,54110
42,71,9,3941,12,25,46,0,618,40,0,815,0,0,15,78534,65671
42,71,9,32181,12,134,46,0,1176,22,0,4357,0,0,10,400722,289073
42,71,9,29409,12,128,46,0,1191,46,0,4165,0,0,13,381381,278045
42,71,9,1492,12,10,46,0,329,48,0,336,0,0,10,33394,30364
42,71,9,3212,12,21,46,0,508,34,0,675,0,0,10,65325,54746
42,71,9,7105,12,39,46,0,615,42,0,1267,0,0,14,118452,91895
42,71,9,10976,12,53,46,0,689,60,0,1747,0,0,14,161908,122277
42,71,9,24428,12,105,46,0,1015,58,0,3427,0,0,11,315844,230208
42,71,9,3797,12,23,46,0,462,28,0,738,0,0,7,70388,56900
42,71,9,17384,12,78,46,0,841,10,0,2497,0,0,3,231626,171110
42,71,9,2975,12,19,46,0,436,48,0,617,0,0,11,58294,48434
42,71,9,7601,12,42,46,0,677,52,0,1377,0,0,14,128956,100148
42,71,9,6701,12,38,46,0,660,14,0,1242,0,0,5,117501,91520
42,71,9,37954,12,150,46,0,1206,16,0,4830,0,0,3,444410,318614
42,71,9,4232,12,25,46,0,476,29,0,800,0,0,5,75577,60736
42,71,9,8517,12,48,46,0,863,32,0,1562,0,0,7,147920,117856
42,71,9,2545,12,17,46,0,458,30,0,554,0,0,13,53780,45595
42,71,9,12580,12,61,46,0,787,26,0,1976,0,0,6,184036,138724
42,71,9,145747,12,421,46,0,2023,12,0,13521,0,0,3,1232309,854215
42,71,9,2727,12,17,46,0,399,18,0,554,0,0,6,52687,43687
42,71,9,1622,12,11,46,0,355,24,0,364,0,0,6,35592,31594
42,71,9,22983,12,106,46,0,1201,18,0,3420,0,0,7,317908,235260
42,71,9,25640,12,112,46,0,1072,12,0,3616,0,0,3,334705,243294
42,71,9,4297,12,26,46,0,583,12,0,869,0,0,11,83057,67473
42,71,9,3511,12,21,46,0,458,44,0,703,0,0,12,66330,54209
42,71,9,2515,12,17,46,0,460,24,0,543,0,0,6,52514,45099
42,71,9,1779,12,12,46,0,384,18,0,401,0,0,5,38787,34281
42,71,9,48232,12,180,46,0,1322,40,0,5844,0,0,12,534789,380803
42,71,9,2602,12,17,46,0,416,54,0,552,0,0,14,52586,44696
42,71,9,49080,12,180,46,0,1383,40,0,5838,0,0,10,534950,382482
42,71,9,11411,12,57,46,0,760,38,0,1875,0,0,11,173431,131304
42,71,9,3166,12,20,46,0,502,56,0,675,0,0,16,64613,54320
42,71,9,4526,12,26,46,0,507,42,0,864,0,0,9,81404,65275
42,71,9,5680,12,32,46,0,555,24,0,1045,0,0,11,97762,77038
42,71,9,4174,12,25,46,0,510,14,0,812,0,0,4,76994,62149
42,71,9,2087,12,13,46,0,344,36,0,439,0,0,7,42165,35948
42,71,9,36699,12,152,46,0,1284,10,0,4900,0,0,6,451587,324537
42,71,9,1490,12,11,46,0,338,18,0,338,0,0,5,32821,29331
42,71,9,39361,12,162,46,0,1340,21,0,5227,0,0,10,481115,345398
42,71,9,26709,12,114,46,0,1071,20,0,3695,0,0,4,341274,247768
42,71,9,13785,12,67,46,0,872,28,0,2185,0,0,6,203306,153527
42,71,9,7103,12,39,46,0,653,82,0,1309,0,0,19,122098,96667
42,71,9,7380,12,40,46,0,652,50,0,1306,0,0,11,122136,95319
42,71,9,2307,12,16,46,0,438,24,0,505,0,0,6,48677,42143
42,71,9,6663,12,38,46,0,694,48,0,1257,0,0,13,118827,94169
42,71,9,5549,12,32,46,0,568,56,0,1038,0,0,12,97850,77766
42,71,9,7352,12,39,46,0,594,38,0,1268,0,0,9,117892,90939
42,71,9,7123,12,41,46,0,689,30,0,1322,0,0,9,123598,96944
42,71,9,13172,12,62,46,0,759,54,0,2027,0,0,10,187920,141398
42,71,9,2124,12,14,46,0,411,26,0,470,0,0,9,45067,39052
42,71,9,25303,12,108,46,0,1012,8,0,3476,0,0,4,321083,233211
42,71,9,35953,12,142,46,0,1225,54,0,4603,0,0,12,422603,306494
42,71,9,4560,12,28,46,0,572,54,0,914,0,0,15,86814,70229
42,71,9,5877,12,33,46,0,567,50,0,1064,0,0,10,100343,79590
42,71,9,2495,12,17,46,0,468,14,0,542,0,0,5,52254,45037
42,71,9,8075,12,44,46,0,692,18,0,1433,0,0,4,134010,103743
42,71,9,3486,12,22,46,0,516,46,0,722,0,0,10,68799,57162
42,71,9,3490,12,22,46,0,559,24,0,733,0,0,10,70851,58806
42,71,9,4124,12,24,46,0,463,42,0,778,0,0,8,74069,59561
42,71,9,16934,12,82,46,0,960,20,0,2662,0,0,6,247896,183772
42,71,9,1803,12,12,46,0,362,24,0,397,0,0,5,39003,33696
42,71,9,6522,12,35,46,0,577,38,0,1155,0,0,10,108219,84234
42,71,9,7602,12,41,46,0,635,62,0,1336,0,0,15,124921,97212
42,71,9,3884,12,23,46,0,478,30,0,763,0,0,7,71641,58104
42,71,9,737,12,6,46,0,302,27,0,189,0,0,7,19113,19861
42,71,9,10781,12,56,46,0,810,42,0,1819,0,0,10,169802,130305
42,71,9,1858,12,13,46,0,390,24,0,416,0,0,6,40993,35574
42,71,9,4078,12,25,46,0,568,10,0,812,0,0,2,78238,64165
42,71,9,3420,12,21,46,0,491,46,0,704,0,0,10,66822,55398
42,71,9,4935,12,31,46,0,673,32,0,1000,0,0,10,95066,78114
42,71,9,10640,12,56,46,0,789,44,0,1825,0,0,12,169473,129563
42,71,9,121458,12,378,46,0,1990,20,0,12179,0,0,7,1110960,773686
42,71,9,14249,12,70,46,0,864,14,0,2274,0,0,4,212307,158169
42,71,9,2749,12,18,46,0,489,24,0,582,0,0,8,56274,48450
42,71,9,16006,12,75,46,0,853,42,0,2445,0,0,6,225914,167629
42,71,9,1399,12,10,46,0,423,59,0,339,0,0,12,34611,33069
42,71,9,6994,12,38,46,0,622,18,0,1245,0,0,5,116465,90552
42,71,9,2735,12,18,46,0,473,25,0,579,0,0,6,56867,48680
42,71,9,1944,12,13,46,0,375,14,0,424,0,0,4,41568,35487
42,71,9,14333,12,66,46,0,764,52,0,2157,0,0,12,199453,148326
42,71,9,4972,12,30,46,0,589,18,0,972,0,0,6,92684,73616
42,71,9,4925,12,28,46,0,525,36,0,922,0,0,13,86626,68825
42,71,9,4389,12,26,46,0,496,18,0,836,0,0,6,78758,63001
42,71,9,2390,12,16,46,0,489,24,0,526,0,0,6,51220,44841
42,71,9,1786,12,12,46,0,341,28,0,385,0,0,6,37356,32745
42,71,9,221710,12,558,46,0,2260,12,0,17934,0,0,4,1629126,1120861
42,71,9,2391,12,16,46,0,439,44,0,522,0,0,11,50865,43863
42,71,9,8177,12,45,46,0,703,22,0,1453,0,0,7,135677,105116
42,71,9,3989,12,24,46,0,471,40,0,774,0,0,11,72687,58647
42,71,9,4212,12,25,46,0,498,42,0,820,0,0,11,77408,61882
42,71,9,4304,12,25,46,0,509,52,0,840,0,0,12,79262,63481
42,71,9,1759,12,16,46,0,399,22,0,0,0,0,7,20752,18752
42,71,9,5784,12,33,46,0,604,32,0,1092,0,0,10,103110,81165
42,71,9,6404,12,38,46,0,695,24,0,1233,0,0,9,115680,92119
42,71,9,10246,12,52,46,0,701,42,0,1694,0,0,10,157756,119745
42,71,9,146833,12,409,46,0,1957,44,0,13207,0,0,12,1200030,832644
42,71,9,6700,12,36,46,0,582,46,0,1177,0,0,10,110135,85666
42,71,9,3483,12,21,46,0,458,48,0,699,0,0,11,65884,53936
42,71,9,10393,12,52,46,0,714,68,0,1706,0,0,12,158157,120134
42,71,9,4360,12,25,46,0,488,56,0,839,0,0,14,78766,62882
42,71,9,3113,12,19,46,0,434,22,0,628,0,0,7,59967,49029
42,71,9,5441,12,30,46,0,528,38,0,993,0,0,8,93422,73473
42,71,9,4437,12,26,46,0,497,44,0,848,0,0,9,80420,64671
42,71,9,1449,12,10,46,0,421,22,0,341,0,0,6,34227,31815
42,71,9,11677,12,58,46,0,753,41,0,1882,0,0,10,175092,132263
42,71,9,16101,12,74,46,0,865,44,0,2419,0,0,10,223901,166971
42,71,9,3417,12,21,46,0,448,42,0,681,0,0,8,64530,53219
42,71,9,3535,12,23,46,0,537,38,0,740,0,0,13,70879,58805
42,71,9,3280,12,21,46,0,481,30,0,677,0,0,11,64541,53608
42,71,9,2366,12,16,46,0,435,37,0,519,0,0,10,49765,42870
42,71,9,8576,12,46,46,0,707,20,0,1501,0,0,5,140275,108285
42,71,9,31428,12,129,46,0,1129,40,0,4218,0,0,15,387111,279533
42,71,9,2142,12,15,46,0,415,16,0,468,0,0,5,45960,39417
42,71,9,3679,12,24,46,0,561,18,0,765,0,0,6,73776,60644
42,71,9,3814,12,23,46,0,489,54,0,762,0,0,13,71970,58781
42,71,9,5765,12,31,46,0,517,18,0,1013,0,0,5,95267,74090
42,71,9,11098,12,55,46,0,705,44,0,1778,0,0,9,165313,124396
42,71,9,5259,12,30,46,0,540,54,0,978,0,0,13,92299,73697
42,71,9,13594,12,70,46,0,914,22,0,2260,0,0,6,211369,158553
42,71,9,6765,12,37,46,0,641,42,0,1229,0,0,14,115612,90453
42,71,9,2963,12,19,46,0,478,28,0,623,0,0,8,60551,50600
42,71,9,27159,12,121,46,0,1189,38,0,3925,0,0,13,362169,264417
42,71,9,6000,12,35,46,0,669,32,0,1152,0,0,8,108433,86674
42,71,9,14330,12,73,46,0,976,74,0,2394,0,0,17,222097,168528
42,71,9,3361,12,22,46,0,523,30,0,710,0,0,10,68379,56614
42,71,9,2842,12,18,46,0,415,14,0,573,0,0,4,55030,45859
42,71,9,32868,12,132,46,0,1163,48,0,4297,0,0,12,394065,285599
42,71,9,4974,12,29,46,0,549,39,0,953,0,0,17,90245,72094
42,71,9,2721,12,18,46,0,451,30,0,584,0,0,14,56260,47170
42,71,9,2173,12,15,46,0,430,26,0,485,0,0,11,46403,40417
42,71,9,10179,12,53,46,0,741,36,0,1724,0,0,11,159785,121973
42,71,9,7326,12,40,46,0,650,18,0,1309,0,0,5,123448,95258
42,71,9,6159,12,34,46,0,707,36,0,1133,0,0,13,106589,86168
42,71,9,1822,12,13,46,0,414,30,0,418,0,0,8,40554,36160
42,71,9,16273,12,75,46,0,873,40,0,2433,0,0,9,225142,168065
42,71,9,115366,12,364,46,0,2174,46,0,11763,0,0,14,1072795,753857
42,71,9,198239,12,522,46,0,2206,38,0,16818,0,0,8,1527769,1053557
42,71,9,2425,12,16,46,0,426,22,0,520,0,0,6,50557,42568
42,71,9,8892,12,47,46,0,767,26,0,1541,0,0,6,144655,111990
42,71,9,12967,12,61,46,0,739,80,0,2011,0,0,15,185827,139636
42,71,9,442,12,4,46,0,169,2,0,106,0,0,1,11076,11157
42,71,9,2869,12,18,46,0,456,30,0,604,0,0,9,57396,48243
42,71,9,6219,12,34,46,0,552,60,0,1108,0,0,15,103225,80599
42,71,9,5227,12,32,46,0,659,50,0,1053,0,0,12,100142,80528
42,71,9,4799,12,29,46,0,576,48,0,947,0,0,16,89700,71835
42,71,9,90809,12,301,46,0,1955,18,0,9695,0,0,6,886633,626422
42,71,9,7407,12,41,46,0,662,22,0,1331,0,0,7,124357,96767
42,71,9,2517,12,16,46,0,419,8,0,533,0,0,5,51730,43313
42,71,9,3854,12,23,46,0,451,26,0,738,0,0,9,69820,56337
42,71,9,2199,12,14,46,0,369,40,0,467,0,0,9,45016,38292
42,71,9,4431,12,28,46,0,626,30,0,896,0,0,6,86394,70995
42,71,9,33699,12,134,46,0,1152,40,0,4363,0,0,10,400582,288972
42,71,9,2814,12,19,46,0,527,24,0,613,0,0,9,59102,50976
42,71,9,4037,12,23,46,0,462,44,0,772,0,0,12,72986,58772
42,71,9,12250,12,65,46,0,938,54,0,2136,0,0,11,199585,152861
42,71,9,4956,12,29,46,0,571,36,0,955,0,0,7,91107,73107
42,71,9,5287,12,33,46,0,813,42,0,1071,0,0,10,103105,86314
42,71,9,1859,12,13,46,0,408,56,0,422,0,0,11,41279,37096
42,71,9,114200,12,377,46,0,2177,22,0,12161,0,0,7,1110552,777512
42,71,9,5022,12,30,46,0,580,24,0,975,0,0,7,92658,73633
42,71,9,11176,12,56,46,0,740,22,0,1825,0,0,7,169278,128037
42,71,9,2098,12,14,46,0,398,26,0,460,0,0,11,45068,38590
42,71,9,38932,12,154,46,0,1247,16,0,4969,0,0,5,457170,327936
42,71,9,81765,12,266,46,0,1572,38,0,8584,0,0,7,783418,549931
42,71,9,3526,12,21,46,0,450,60,0,687,0,0,11,65753,54297
42,71,9,10419,12,53,46,0,750,32,0,1737,0,0,8,161616,123583
42,71,9,1558,12,11,46,0,355,18,0,353,0,0,5,34537,31097
42,71,9,2507,12,16,46,0,417,58,0,542,0,0,14,51497,43753
42,71,9,2599,12,18,46,0,539,28,0,592,0,0,10,58035,50074
42,71,9,10051,12,51,46,0,699,18,0,1651,0,0,4,154101,117240
42,71,9,4047,12,24,46,0,491,52,0,802,0,0,15,74957,60687
42,71,9,10126,12,50,46,0,674,42,0,1646,0,0,12,153019,115869
42,71,9,34450,12,142,46,0,1218,22,0,4609,0,0,9,424155,305332
42,71,9,10555,12,52,46,0,687,34,0,1702,0,0,11,158227,119541
42,71,9,4833,12,28,46,0,558,48,0,926,0,0,11,87612,70888
42,71,9,1500,12,11,46,0,341,26,0,339,0,0,5,33265,29895
42,71,9,3751,12,23,46,0,508,22,0,756,0,0,7,72460,58736
42,71,9,7376,12,39,46,0,603,42,0,1280,0,0,12,119089,91779
42,71,9,2880,12,19,46,0,526,26,0,620,0,0,9,60262,51421
42,71,9,14862,12,72,46,0,849,46,0,2332,0,0,13,215901,162078
42,71,9,7363,12,41,46,0,659,60,0,1341,0,0,11,125638,97788
42,71,9,2309,12,16,46,0,429,22,0,505,0,0,6,48500,41702
42,71,9,4825,12,28,46,0,520,48,0,914,0,0,13,86151,68277
42,71,9,2291,12,15,46,0,397,10,0,491,0,0,8,46872,39929
42,71,9,8327,12,43,46,0,633,44,0,1416,0,0,15,131525,101311
42,71,9,5448,12,30,46,0,519,40,0,979,0,0,7,92282,72986
42,71,9,3653,12,24,46,0,590,16,0,764,0,0,6,73411,61339
42,71,9,11038,12,58,46,0,805,36,0,1879,0,0,13,175363,133576
42,71,9,70022,12,255,46,0,1719,12,0,8205,0,0,5,752441,531802
42,71,9,5359,12,31,46,0,597,65,0,1035,0,0,17,97699,77797
42,71,9,4740,12,28,46,0,577,20,0,917,0,0,4,87689,70691
42,71,9,9396,12,50,46,0,748,34,0,1637,0,0,11,153258,117408
42,71,9,47453,12,183,46,0,1372,22,0,5882,0,0,4,540960,385812
42,71,9,2743,12,18,46,0,439,24,0,576,0,0,8,55030,46349
42,71,9,211287,12,569,46,0,2446,54,0,18339,0,0,9,1665228,1149268
42,71,9,24843,12,110,46,0,1072,22,0,3552,0,0,7,328252,239057
42,71,9,2835,12,19,46,0,480,32,0,612,0,0,14,58711,49350
42,71,9,15363,12,76,46,0,923,26,0,2473,0,0,13,229918,171507
42,71,9,5912,12,33,46,0,554,44,0,1063,0,0,10,100079,78531
42,71,9,5277,12,31,46,0,606,40,0,1022,0,0,11,96480,77099
42,71,9,5360,12,31,46,0,555,52,0,1012,0,0,13,95055,74932
42,71,9,3412,12,21,46,0,482,38,0,693,0,0,9,66151,55301
42,71,9,4448,12,26,46,0,515,38,0,858,0,0,9,80678,64803
42,71,9,9651,12,51,46,0,777,40,0,1680,0,0,8,156947,120080
42,71,9,3037,12,20,46,0,505,26,0,651,0,0,10,62903,52311
42,71,9,1968,12,13,46,0,394,30,0,431,0,0,7,41757,36371
42,71,9,13526,12,67,46,0,862,34,0,2194,0,0,10,204630,153559
42,71,9,5718,12,31,46,0,532,38,0,1024,0,0,9,96081,75404
42,71,9,1175,12,9,46,0,306,30,0,278,0,0,9,27620,25335
42,71,9,16145,12,80,46,0,982,18,0,2573,0,0,5,240157,178992
42,71,9,11060,12,55,46,0,716,40,0,1790,0,0,11,166455,125359
42,71,9,7004,12,37,46,0,576,40,0,1213,0,0,11,113136,87517
42,71,9,9128,12,49,46,0,751,42,0,1599,0,0,11,149572,115723
